study_hours_per_week,attendance_rate,sleep_hours_per_day,solved_question_count,previous_term_score,internet_usage_hours_per_day,final_exam_score
22,57,4.6,643,66,2.2,89.9
30,84,4.9,944,39,0.7,96.3
8,64,6.8,134,60,5.9,66.6
16,87,5.8,93,55,5.7,73.5
12,67,5.2,1643,78,1.3,99.4
13,88,5.7,168,93,4.5,91.4
14,55,7.0,1778,81,4.8,
9,99,5.8,243,64,7.0,75.7
14,67,6.5,1788,81,1.7,100
24,93,7.4,1327,56,4.5,100
9,60,6.6,632,63,5.6,80.8
9,52,8.1,901,69,1.0,80.7
20,95,5.9,1422,98,3.5,100
10,,5.6,1229,68,6.1,83.0
15,87,6.3,529,52,4.3,85.8
5,59,7.3,1702,89,5.0,98.4
14,74,7.2,1038,67,7.8,91.6
25,57,7.6,1179,69,6.3,100
12,57,5.8,403,93,0.5,86.7
18,98,5.3,297,73,6.8,82.1
18,88,5.4,845,55,4.5,93.0
2,88,6.0,119,49,7.5,55.4
30,69,5.6,573,45,1.1,95.0
26,84,7.9,342,95,,100
7,66,6.9,1322,89,7.7,99.3
24,62,7.7,897,82,3.8,100
18,78,5.0,540,43,3.0,79.6
9,50,4.8,1372,42,2.2,77.6
30,52,8.4,225,65,2.6,91.3
25,86,7.1,577,95,6.6,100
8,56,4.9,962,80,3.7,76.5
23,91,8.9,281,42,3.5,93.6
12,56,5.6,469,92,1.6,89.1
29,54,6.5,1207,47,0.9,100
19,50,8.9,1623,65,1.7,100
14,53,5.2,84,84,2.5,79.2
27,100,6.5,946,97,1.7,100
20,97,6.9,1611,75,0.9,100
20,80,6.8,1167,55,0.9,93.9
4,88,4.8,561,86,1.4,83.8
30,86,5.6,1297,40,5.1,100
18,70,8.7,498,75,2.3,99.0
14,58,7.5,694,93,2.9,95.2
16,89,9.0,284,44,4.5,82.4
18,66,5.1,794,43,7.1,78.2
28,84,7.7,1332,36,5.5,100
19,69,8.7,292,52,2.5,92.5
6,67,5.8,511,78,2.0,74.9
22,66,6.8,594,41,1.2,85.4
2,71,8.0,1384,68,1.7,91.8
16,85,7.7,1228,36,1.3,100
,84,4.7,836,53,3.7,75.1
3,69,6.1,1710,40,7.2,80.1
5,72,8.0,912,54,7.4,80.4
9,,8.9,1740,57,7.1,100
12,100,8.7,1722,66,2.5,100
27,94,5.0,159,95,2.2,100
11,100,8.4,536,38,5.5,76.9
14,71,5.8,222,70,3.1,74.4
28,84,6.0,136,49,7.1,87.4
10,61,7.1,623,39,1.3,68.5
,77,7.2,1127,49,3.4,92.5
20,62,5.6,1531,90,0.5,100
25,97,7.8,483,81,3.7,100
23,71,7.3,1438,50,5.9,100
,70,6.3,,51,1.9,88.8
23,74,7.5,436,73,3.5,99.6
8,77,8.0,1322,76,4.0,93.9
16,93,5.5,1049,56,5.4,92.3
21,71,4.9,1618,65,5.5,100
9,62,5.2,174,66,7.9,60.8
16,76,8.5,1258,59,5.9,93.4
14,81,6.3,382,35,7.2,78.3
26,77,5.5,1726,94,0.9,100
9,57,6.6,1721,94,5.5,100
26,78,7.3,1553,89,6.7,100
19,78,8.5,1603,95,3.9,100
10,99,8.0,1072,65,2.6,89.7
4,95,5.8,636,77,2.9,82.0
9,74,7.6,1526,62,1.0,97.9
15,71,6.9,931,42,2.1,78.5
20,94,4.6,1647,83,4.1,100
13,69,7.9,1791,88,4.5,100
30,64,6.7,638,90,4.1,100
14,71,7.5,1714,86,5.9,100
21,84,4.6,886,38,1.1,83.1
15,58,8.4,452,41,2.5,76.5
12,98,8.5,649,88,2.4,100
4,80,,1184,41,8.0,68.2
26,91,4.7,143,66,2.0,100
2,89,5.2,338,95,5.5,75.7
24,66,8.0,423,49,6.3,86.7
7,69,5.0,132,74,4.8,74.0
24,62,,1494,66,1.3,100
26,69,8.3,1309,50,6.5,100
19,77,7.5,221,78,0.6,94.5
15,81,5.0,821,93,,89.8
22,67,7.3,1182,96,4.0,100
28,96,7.2,740,66,6.7,100
9,98,6.6,1329,83,3.0,100
17,70,5.3,514,80,6.5,82.6
24,67,7.0,1138,59,1.1,100
25,76,6.7,1632,65,5.7,100
27,51,4.9,533,86,5.7,91.9
11,92,7.1,1049,79,3.7,99.2
24,79,5.7,594,64,1.4,94.5
8,70,5.0,1177,58,1.9,84.9
20,98,6.9,659,47,6.7,87.9
11,64,6.1,699,36,5.8,72.4
3,85,5.8,338,97,1.3,85.1
2,86,5.8,1060,91,3.1,94.1
29,80,5.0,213,86,4.2,100
20,90,7.6,390,54,6.6,90.9
9,57,7.0,932,63,6.3,79.8
14,78,8.6,,89,2.8,95.6
25,56,8.8,505,62,2.5,92.3
4,60,5.6,1210,44,1.7,70.4
17,68,4.6,670,71,5.8,90.0
16,54,7.6,621,60,3.7,78.6
10,59,4.8,419,74,5.0,73.3
28,86,8.6,979,50,4.0,100
10,82,6.9,976,45,5.0,87.5
30,77,7.8,1316,67,0.7,100
29,86,7.1,122,69,4.8,100
26,98,5.3,1142,91,7.4,100
22,81,8.9,1042,79,3.6,100
12,92,5.0,409,77,3.6,80.2
14,98,7.0,1011,46,2.9,94.0
12,57,8.9,907,35,5.4,74.1
8,83,6.1,1629,98,5.2,100
26,53,5.4,1204,51,,87.8
5,51,8.9,1326,65,5.8,87.5
11,85,4.6,915,46,2.2,84.4
5,91,8.2,1100,72,4.3,90.8
10,76,8.3,1047,66,3.9,94.3
21,82,7.9,,43,2.6,91.0
27,76,6.0,1693,69,6.7,100
20,87,9.0,1082,54,3.8,100
17,72,6.0,1642,83,3.9,100
24,65,7.1,558,87,0.8,100
25,80,7.7,1741,83,3.4,100
6,81,8.8,338,77,7.0,72.9
29,78,,1015,36,5.9,90.6
6,54,6.6,622,78,5.2,80.3
14,91,4.9,752,83,7.7,85.2
17,84,4.7,220,65,5.2,75.2
11,64,,968,47,6.2,80.7
7,94,5.8,139,40,2.9,66.8
3,68,6.1,962,53,2.3,70.3
7,60,5.3,1328,83,5.1,92.8
9,81,8.6,373,64,4.0,82.1
2,79,8.6,1467,55,1.1,94.2
13,87,5.8,948,67,3.9,87.3
29,80,5.0,861,80,4.8,100
24,68,4.6,1779,85,2.6,100
25,53,8.6,1606,98,6.7,100
30,68,8.0,551,80,2.1,100
26,96,8.0,1474,52,5.2,100
30,90,7.4,712,91,0.8,100
11,70,7.9,439,60,1.5,84.6
19,73,6.9,638,56,2.4,93.6
27,68,,773,49,4.0,94.0
4,59,7.9,542,85,7.8,77.9
27,75,,1178,50,3.9,97.3
23,97,7.5,1277,83,6.7,100
9,80,4.6,1229,76,7.4,88.2
9,91,4.8,1767,94,7.3,100
6,52,8.8,703,98,1.4,94.9
9,84,5.1,1009,82,5.5,90.4
15,87,7.8,396,88,5.4,84.0
28,81,7.3,652,39,5.7,96.2
9,73,4.9,1484,82,4.6,100
22,72,4.8,645,59,7.8,94.9
4,92,5.5,1389,37,0.9,81.7
12,65,8.9,1691,61,1.0,100
8,64,6.0,382,35,2.6,62.9
6,58,6.9,1715,57,1.3,93.4
13,100,8.0,1285,76,0.6,100
,53,5.1,942,49,6.1,65.9
18,87,5.0,1111,63,7.6,95.9
3,96,8.0,1429,73,3.9,98.4
17,75,6.4,301,97,5.8,92.6
16,54,8.5,739,53,1.0,87.4
19,95,6.0,1303,72,3.9,100
21,77,4.9,1517,49,6.9,93.6
25,63,6.4,547,87,3.0,95.7
16,75,6.4,274,75,,84.6
6,93,8.7,217,46,6.7,68.0
4,77,4.9,1593,82,6.6,85.9
19,,6.0,330,87,3.2,94.3
23,98,6.4,1556,41,7.8,100
,82,5.5,1424,96,2.2,100
5,72,8.3,832,49,6.2,68.7
29,85,8.9,1756,38,5.1,100
23,94,5.7,449,69,5.8,94.7
2,61,8.4,1239,86,1.0,96.3
25,90,8.9,267,62,3.3,97.4
11,96,6.0,1242,45,7.1,88.8
6,,7.9,181,45,2.5,63.4
16,76,5.7,1626,49,3.1,94.5
5,68,7.6,1294,97,4.5,95.7
21,53,4.5,697,62,6.3,87.3
26,66,5.8,325,35,4.2,80.5
19,95,5.5,1224,80,1.0,100
29,97,4.7,118,93,7.4,100
20,75,7.7,935,72,1.4,99.7
2,70,,1345,93,6.7,89.7
29,56,5.6,1286,86,4.4,100
14,69,7.9,533,77,6.3,93.6
,,5.4,1669,79,3.1,100
28,91,8.2,563,48,1.6,100
26,98,7.4,442,98,4.0,100
20,98,7.1,1474,76,7.0,100
4,80,6.5,700,70,4.9,77.4
13,82,4.8,1025,92,0.8,99.1
22,55,7.3,1118,84,4.0,100
19,100,7.8,164,92,7.3,95.3
21,80,6.8,206,92,1.3,98.8
30,71,8.9,252,57,0.8,97.9
18,83,7.2,825,82,7.4,85.7
14,76,8.0,1470,41,6.4,91.8
5,85,7.6,661,67,5.9,79.5
23,88,8.4,762,45,4.9,100
22,94,7.5,344,45,2.8,95.2
14,91,8.1,1745,51,,100
23,83,4.9,1453,89,4.3,100
2,73,5.9,518,78,7.6,68.7
6,59,4.8,1694,47,4.3,82.9
,97,8.5,157,78,7.1,
6,60,5.3,1498,56,5.9,77.8
3,76,6.1,1553,65,7.8,79.6
27,78,5.6,569,74,7.7,93.5
27,80,8.6,477,82,5.6,100
26,68,8.0,1109,88,7.7,100
28,62,8.1,363,67,,96.4
5,95,8.3,335,71,1.1,85.3
7,67,6.5,1131,53,6.7,87.6
28,78,8.5,134,88,0.9,100
18,73,5.6,247,82,2.2,89.4
24,91,6.0,379,52,0.8,97.3
28,80,7.6,364,95,3.9,100
10,63,8.3,1203,89,1.3,100
11,65,5.9,177,65,3.6,75.6
5,81,7.2,113,65,5.9,65.7
11,77,4.5,802,65,4.8,85.5
18,73,4.8,1157,37,3.4,94.2
17,52,7.4,844,67,6.1,87.4
9,96,7.5,292,77,1.5,90.0
13,84,6.0,1396,57,6.7,88.7
17,90,5.3,356,43,5.9,67.5
16,52,5.8,169,60,7.1,70.1
14,84,6.6,154,59,2.6,85.0
29,99,4.7,1422,77,2.5,100
14,97,6.5,871,78,7.8,91.3
17,94,6.7,1712,69,6.5,100
21,61,,737,48,1.1,89.3
23,68,5.9,1314,89,1.7,100
25,72,7.3,970,70,5.3,100
27,53,4.8,1385,86,3.2,100
2,59,8.3,1468,91,0.8,90.5
4,65,8.0,830,81,3.4,79.4
23,78,8.8,841,91,6.2,100
20,58,6.9,895,75,5.4,95.9
25,61,6.7,872,50,2.5,98.4
10,95,6.5,1333,71,5.7,100
6,54,6.5,1540,91,8.0,91.8
27,93,8.9,734,79,5.8,100
11,60,7.7,1514,57,6.5,89.9
18,64,5.0,491,52,2.3,77.6
20,73,6.6,1209,51,5.1,96.6
4,54,5.9,1548,96,4.4,94.6
4,58,8.9,1395,44,3.9,73.5
23,83,6.1,1777,58,6.3,100
29,53,8.2,1141,54,2.8,100
7,70,8.7,541,79,7.6,78.0
4,66,5.4,1208,70,1.4,84.8
11,89,6.9,1109,56,4.9,88.8
21,96,8.6,771,40,6.7,93.1
2,55,4.7,1393,68,5.4,78.7
22,51,6.7,1364,72,5.3,97.7
11,80,5.6,1733,86,2.7,100
16,76,6.7,497,78,5.0,91.3
12,95,5.9,787,86,1.5,95.2
12,65,6.6,627,92,,96.5
5,53,5.8,866,88,2.4,85.2
,86,7.7,468,,4.2,81.6
18,79,6.7,711,98,0.7,100
9,63,7.1,179,41,2.6,65.5
21,91,7.5,665,36,6.9,80.2
25,73,7.9,829,40,3.5,100
20,85,5.4,1213,71,1.1,99.2
10,89,7.6,323,51,7.8,75.2
14,73,8.1,774,,6.2,95.7
18,52,4.7,360,77,6.5,85.6
18,79,5.2,1135,52,3.0,92.5
21,97,8.3,1295,78,4.3,100
18,84,6.7,1232,73,4.1,100
5,76,7.1,1711,38,5.0,86.3
10,91,8.0,1669,64,5.9,99.9
22,96,7.3,858,53,6.7,97.3
9,52,7.1,1514,49,1.9,83.6
15,94,5.4,1107,95,7.0,100
25,96,4.8,362,61,4.7,99.7
14,70,8.8,1021,78,4.6,98.7
23,99,8.4,1474,68,5.1,100
19,69,5.5,689,71,5.8,93.5
24,95,6.7,1062,79,4.7,100
11,57,7.1,1192,83,7.2,88.9
14,72,8.8,1727,53,2.7,100
13,78,7.5,1610,96,2.1,100
28,84,5.7,1231,69,1.5,100
9,53,7.5,1167,63,5.3,80.8
3,56,6.4,1549,95,1.3,96.3
19,60,6.3,1054,96,,100
26,68,5.9,1402,42,7.3,100
19,97,7.8,156,57,3.6,93.1
28,61,8.7,154,85,6.4,100
29,68,8.4,98,73,4.8,100
5,,5.8,1393,98,7.2,97.5
10,62,8.1,757,55,6.0,83.5
22,66,7.7,108,78,6.4,82.3
7,89,8.4,910,89,4.4,93.6
4,75,7.5,458,52,4.1,72.0
14,65,6.5,626,77,2.8,
25,86,4.6,1418,81,5.7,100
11,60,6.3,1109,74,5.7,89.4
22,,6.2,532,63,7.7,83.0
21,73,6.4,1204,95,,100
27,92,8.2,1640,66,5.6,100
18,78,6.9,820,44,7.4,81.5
5,53,8.2,1115,60,4.8,82.8
18,78,5.0,500,97,1.2,100
18,78,8.1,1008,51,4.3,94.1
16,93,,1561,37,3.5,100
28,50,7.9,,44,0.8,100
3,54,8.9,1046,39,2.7,75.6
7,99,5.1,1393,88,3.3,100
14,74,4.9,1435,52,5.4,88.0
13,57,5.3,1180,85,4.5,93.4
2,98,4.6,691,94,5.6,81.4
19,77,6.9,1766,64,2.4,100
30,96,7.9,145,88,5.1,100
30,51,5.6,217,47,5.0,78.2
29,53,5.6,170,86,3.8,98.2
19,63,7.9,1669,42,1.6,100
25,86,5.9,1304,76,2.3,100
30,59,8.9,1147,63,3.6,100
20,97,8.6,1362,89,4.7,100
3,72,8.7,1454,83,6.4,91.9
6,69,6.2,1625,95,2.3,100
9,69,8.4,,94,7.4,74.3
19,83,5.1,577,67,2.0,88.8
22,55,8.7,839,46,4.5,92.2
14,93,7.2,160,44,1.9,79.3
26,87,7.8,1224,62,4.1,100
2,63,8.7,1598,50,6.1,80.4
26,80,8.6,1504,61,3.5,100
11,74,6.6,1408,80,2.8,100
13,82,8.5,1034,47,6.5,87.7
12,63,6.2,927,40,4.7,70.5
9,97,5.2,614,88,2.7,93.4
20,65,6.7,1420,78,2.4,100
28,81,8.8,1394,97,4.0,100
6,96,7.0,456,42,4.4,69.9
28,54,8.8,1448,41,6.2,96.4
9,54,7.7,98,62,4.3,
13,53,7.3,1445,96,5.4,100
15,50,4.6,1559,70,4.5,95.0
11,51,6.8,1509,90,6.5,99.2
5,83,5.2,473,67,6.6,71.9
10,100,6.3,844,86,3.9,97.8
11,93,8.2,245,39,1.2,86.4
14,74,7.0,194,36,5.8,78.2
22,100,6.0,275,40,2.2,93.2
30,94,8.5,1053,69,0.8,100
30,84,7.0,147,57,7.5,98.4
12,51,8.8,1282,53,6.1,86.5
4,69,5.2,572,84,5.6,72.0
19,71,6.2,1594,52,6.4,98.6
25,72,4.7,975,64,6.8,95.6
12,88,8.0,1299,85,7.8,99.8
27,78,6.7,808,83,3.7,100
23,87,7.5,255,72,6.5,94.4
6,74,7.7,1378,54,6.0,84.6
12,73,5.0,90,74,3.8,76.9
4,61,6.4,1220,87,1.3,89.0
4,72,7.0,1302,76,7.0,91.9
26,55,7.8,1225,66,4.8,100
7,93,6.2,364,69,2.8,79.7
15,67,6.4,1071,44,3.2,87.2
9,96,7.3,1296,60,3.9,96.5
14,71,8.3,858,77,3.8,96.5
15,91,8.9,358,73,2.9,97.5
12,61,,733,72,6.0,86.3
22,81,8.9,1681,66,2.9,100
13,57,8.7,489,58,5.6,87.6
19,51,8.8,1025,61,3.8,93.7
28,100,8.1,1458,98,1.5,100
11,65,5.6,395,89,6.4,94.0
17,87,6.3,1117,88,4.6,100
27,73,7.7,1743,45,1.3,100
7,91,7.3,1233,86,7.8,100
12,100,6.4,101,47,2.4,72.9
20,94,7.1,992,82,3.4,100
26,93,7.1,1104,54,3.1,100
15,55,5.0,1575,53,3.1,92.9
12,79,8.0,1147,96,3.1,100
16,,4.8,171,49,0.7,80.7
12,91,5.0,1718,56,7.5,96.1
19,60,6.0,953,94,2.2,97.9
14,90,5.3,1391,90,3.5,100
16,87,6.4,89,62,2.0,75.0
26,95,8.1,208,48,6.5,88.7
8,79,5.0,1453,97,4.5,99.6
22,70,7.2,1331,85,4.9,100
21,61,8.2,1525,73,7.4,100
20,55,7.5,721,50,2.3,92.1
6,82,6.2,1301,52,4.8,88.0
15,61,6.7,1180,57,4.7,88.0
12,78,7.3,815,36,4.1,80.9
8,74,8.8,1115,98,3.6,94.6
16,81,5.3,1237,38,6.5,87.6
9,68,4.6,540,71,1.8,72.4
26,81,7.0,311,49,2.5,95.4
19,73,6.9,1629,40,6.2,95.0
15,56,7.8,1418,66,2.7,100
3,78,5.7,1752,46,3.8,93.9
9,63,8.1,1284,79,7.0,92.6
21,90,6.4,1341,52,6.4,100
20,72,,1302,56,2.9,94.1
24,68,5.8,627,47,1.5,91.6
3,67,8.4,339,51,2.4,64.9
24,70,8.2,,85,4.2,100
15,74,6.5,1377,46,3.5,92.1
25,67,7.6,835,93,7.6,100
26,96,4.9,1018,,6.9,100
27,84,6.3,959,62,4.2,100
19,86,5.1,1073,78,7.2,100
26,53,4.7,1362,93,0.6,100
16,50,9.0,956,60,8.0,86.2
6,,5.9,641,46,5.4,74.3
30,91,5.2,891,74,5.9,100
26,64,6.4,266,47,0.5,86.9
9,83,7.6,99,36,5.7,67.4
28,57,8.9,944,51,4.1,100
27,56,5.0,832,73,1.5,100
26,98,8.4,1393,53,1.0,100
,78,6.1,516,54,7.4,69.2
21,93,6.5,524,46,7.2,89.6
25,74,6.1,,75,,100
9,67,7.4,588,71,6.3,77.3
23,,5.4,1322,59,6.1,91.9
11,91,4.7,1705,65,4.2,100
21,54,6.9,104,81,7.5,87.5
6,74,8.4,1244,88,3.2,95.1
26,54,4.6,218,36,2.5,71.4
3,53,8.8,895,71,5.2,74.3
,75,4.9,1178,54,2.6,100
11,55,6.8,496,54,4.5,69.2
28,91,7.6,215,74,5.7,100
25,65,4.8,256,90,1.4,96.7
23,97,7.5,439,50,0.6,97.6
6,94,4.6,1096,79,4.4,92.0
7,73,5.1,1679,69,6.0,85.0
5,99,8.5,766,89,2.5,100
20,90,4.8,1012,81,0.9,100
29,86,,402,67,6.3,100
5,64,7.8,85,40,6.9,54.7
2,65,4.7,825,84,7.4,79.8
3,85,8.1,,88,2.2,100
9,76,8.6,735,69,6.7,83.6
23,53,5.3,1727,40,7.7,94.3
4,79,8.4,1664,74,3.0,98.9
8,68,7.0,702,66,4.0,81.1
20,81,9.0,1669,60,6.0,100
6,50,8.7,128,64,4.6,65.9
,94,,766,35,6.2,88.4
11,56,5.4,567,88,4.2,88.8
3,59,7.7,270,40,7.4,62.2
24,73,6.6,1611,45,4.9,100
18,58,7.4,887,44,4.9,91.7
6,65,5.8,725,85,5.8,83.6
25,70,5.9,636,64,1.1,100
20,56,5.2,416,92,4.0,99.4
15,57,6.9,1657,61,3.9,90.4
4,60,8.1,703,40,2.1,73.0
29,70,5.2,1536,66,7.8,100
11,66,8.2,436,38,7.6,71.2
29,78,7.0,1206,66,1.2,100
5,50,4.8,1679,63,1.5,91.4
28,75,6.2,1370,45,4.9,100
2,54,5.4,1402,91,6.6,93.2
4,71,5.1,1024,41,1.8,66.5
14,81,4.6,1479,89,1.8,100
8,61,5.7,993,54,0.8,78.8
11,81,6.4,1207,96,1.0,100
10,74,5.1,488,66,5.2,80.0
14,100,7.7,1062,97,3.1,100
20,82,5.9,633,58,0.7,93.8
27,99,5.8,1736,95,4.5,100
26,87,9.0,406,47,2.4,99.2
,97,4.8,,84,3.2,100
28,61,5.3,1293,75,6.5,100
2,95,7.7,1242,53,4.7,76.2
8,81,6.9,439,97,0.8,98.0
2,83,6.7,759,,6.5,76.7
12,95,5.3,1723,76,0.9,100
6,99,5.0,1157,81,7.7,96.4
13,95,8.7,890,47,3.0,87.8
25,77,8.1,1077,75,1.8,100
19,94,8.5,1336,80,2.2,100
11,96,7.6,340,57,6.0,80.1
24,86,6.3,1658,39,1.9,100
21,64,7.4,293,98,1.6,100
25,54,5.6,734,56,,98.3
23,90,7.8,767,92,0.6,100
8,65,7.6,797,67,6.4,80.9
16,96,6.4,420,87,4.2,95.4
14,72,7.0,287,96,6.4,82.4
9,60,6.5,1716,39,2.7,84.5
12,66,8.8,231,78,1.8,81.3
19,55,6.0,1336,96,5.8,100
15,91,5.2,969,55,0.9,88.4
15,94,7.0,1574,68,5.5,100
11,65,4.9,884,97,1.7,91.5
11,92,7.3,1063,60,1.2,100
8,60,7.4,247,95,6.8,77.9
17,92,5.7,1394,84,1.9,100
30,74,6.2,992,40,2.5,99.2
10,86,4.8,1620,47,1.1,95.2
13,84,6.4,1629,64,4.7,100
15,84,7.6,1052,65,4.1,91.0
4,75,8.6,1542,39,4.3,92.0
23,89,5.2,1630,92,1.8,100
7,63,8.1,338,40,3.7,72.7
28,90,5.2,1298,68,2.9,100
25,54,4.9,1219,85,4.6,100
29,50,8.0,1356,88,1.3,100
6,59,7.0,1273,,7.4,75.1
11,84,8.5,921,68,3.4,
17,86,7.2,156,57,2.6,89.2
24,,4.7,758,65,0.9,100
17,67,8.5,121,,6.6,84.3
17,94,7.6,546,52,2.8,95.4
25,78,8.0,737,69,6.0,100
16,63,8.6,913,97,6.2,100
29,73,,1135,55,,100
26,83,8.5,139,57,1.9,92.2
28,62,8.3,,39,3.9,99.5
10,73,8.2,1114,85,5.3,93.7
5,93,4.6,842,97,5.0,94.3
20,85,6.1,414,68,6.1,98.8
24,55,5.8,,41,1.7,79.9
29,64,7.4,1467,61,2.5,100
15,82,4.6,1678,36,4.1,95.3
27,50,5.5,1325,74,5.8,100
24,91,5.7,851,79,3.9,100
18,89,6.3,289,35,4.3,83.3
23,73,7.0,1296,71,2.7,100
10,90,6.0,647,68,5.4,86.2
30,91,5.8,387,65,7.2,100
21,75,7.5,1474,52,5.9,95.3
22,81,9.0,611,88,3.5,100
,62,6.0,1540,63,5.6,95.3
22,100,6.6,1455,80,4.3,100
30,85,5.3,279,95,1.5,100
10,96,8.1,1642,58,7.6,100
9,72,5.5,708,88,6.4,81.5
12,73,5.7,682,94,6.9,81.1
20,,,225,95,7.2,100
18,57,8.4,861,73,3.6,98.2
8,71,6.3,1246,93,1.6,97.4
29,95,5.3,245,97,3.0,100
3,50,6.5,508,56,4.8,64.3
7,81,8.0,1676,46,1.5,91.2
15,80,6.2,157,60,6.0,80.2
2,70,7.9,1167,59,0.6,92.1
9,94,8.4,719,51,1.3,88.7
18,87,5.9,213,40,2.7,78.4
21,83,6.0,1486,52,3.1,100
30,81,6.1,465,56,7.6,100
9,64,7.8,348,62,6.0,72.2
20,82,5.3,830,39,3.3,83.8
21,53,7.2,178,48,5.4,71.5
2,53,7.6,933,91,3.4,79.3
6,63,7.6,1370,36,2.8,79.7
23,56,7.5,632,52,3.6,94.6
21,57,5.8,1687,48,4.2,96.6
21,62,8.0,1782,60,3.2,100
19,81,8.6,1489,96,3.0,100
2,50,7.5,306,98,1.6,82.2
25,96,5.0,604,64,3.9,100
11,66,,284,57,7.1,74.1
23,70,6.4,317,47,6.9,79.0
30,52,4.5,363,56,3.0,98.5
10,96,4.9,1749,78,1.9,100
14,75,8.8,636,84,5.7,90.2
30,60,5.0,1505,42,7.9,100
29,60,5.0,1289,96,6.5,100
14,99,6.1,139,51,4.1,77.4
17,57,,982,40,1.0,89.4
29,93,6.9,1602,63,7.8,
23,71,6.8,1489,47,3.7,100
23,93,7.4,384,41,0.6,88.9
7,82,8.3,1095,56,1.1,87.6
10,53,6.8,1207,83,3.5,93.1
9,55,6.6,1720,92,1.2,100
17,97,7.4,290,86,3.6,98.0
19,85,4.5,266,73,7.2,79.2
16,71,6.1,191,63,6.8,75.3
12,85,8.0,1308,95,5.9,100
5,98,7.5,84,78,3.2,84.3
22,68,7.0,845,48,0.8,96.9
24,97,7.7,299,67,5.1,100
8,57,8.7,884,62,3.9,84.6
5,98,6.4,1376,50,6.3,80.0
16,79,7.5,1112,52,7.7,98.9
19,77,8.3,1069,57,5.7,98.4
7,96,8.2,292,84,5.4,83.2
30,74,6.4,1327,66,2.6,100
12,68,6.5,353,52,3.6,73.3
11,94,7.0,722,62,2.0,83.9
21,95,5.8,787,51,7.9,85.6
18,84,7.6,740,49,6.2,80.6
19,80,7.1,1446,88,5.6,100
30,77,8.1,1150,48,0.7,100
6,53,7.5,489,69,6.1,74.5
10,59,8.3,1494,72,2.0,100
19,52,6.1,1006,48,5.1,83.4
9,97,7.4,876,65,4.3,86.2
27,94,5.8,1440,41,7.4,97.0
23,70,8.8,190,36,6.1,89.1
8,89,8.4,987,63,7.3,86.7
26,87,7.0,1315,60,6.3,100
8,68,6.5,1478,44,1.9,89.9
14,52,6.4,1219,68,1.5,98.5
20,66,4.5,1035,54,0.8,99.2
26,90,7.3,1435,73,4.2,100
20,85,6.1,1685,75,4.4,100
27,82,5.2,1192,86,1.2,100
9,63,7.5,758,81,2.7,94.5
17,85,8.2,1409,36,1.4,98.4
13,78,5.6,1395,66,7.7,91.9
27,57,6.2,1186,71,0.7,100
18,99,6.2,1724,,4.2,100
12,82,4.9,276,56,7.8,78.7
26,84,6.9,,43,2.1,100
23,77,8.3,501,90,5.3,100
4,97,7.6,128,93,5.9,83.9
7,100,5.6,224,64,7.3,74.7
15,74,6.5,908,90,2.9,98.7
2,91,7.7,209,40,5.8,65.8
4,72,8.7,297,72,6.4,73.6
26,78,6.2,1763,38,4.1,100
19,64,5.1,880,72,7.7,94.2
27,96,7.4,102,53,1.4,100
2,86,7.2,1180,45,2.8,81.1
13,63,6.4,1402,53,1.7,83.4
9,89,8.3,477,49,1.9,85.2
29,98,8.7,1204,94,5.3,100
4,68,7.5,593,47,2.0,62.7
13,58,7.5,560,47,2.6,73.2
4,62,5.9,1002,77,5.1,78.8
20,86,6.1,727,89,1.8,100
12,65,8.0,,90,2.6,100
12,80,6.6,814,74,4.2,96.6
5,61,7.4,247,70,6.9,72.6
10,96,8.5,236,44,7.2,79.8
29,82,7.3,1744,86,6.3,100
10,84,8.5,1185,95,5.4,100
6,73,6.3,1661,72,1.5,95.6
13,82,4.5,569,56,6.2,78.6
6,78,5.2,1239,53,6.0,76.6
9,98,6.7,208,68,3.3,82.7
3,92,5.4,1700,81,3.4,100
3,91,6.0,1521,70,6.8,85.9
10,87,6.9,436,83,5.4,82.9
28,54,6.8,850,63,4.4,100
13,72,6.7,1067,35,4.3,84.6
4,82,7.4,513,54,1.9,78.3
13,88,7.7,322,64,3.6,85.1
23,80,6.7,1289,55,5.4,100
15,51,5.6,341,55,1.5,66.8
6,53,5.2,448,86,5.0,73.5
20,90,4.6,1553,71,7.6,100
17,80,5.3,1780,87,5.0,100
27,87,8.2,452,68,1.8,100
21,87,4.8,854,84,1.5,96.2
2,62,6.9,1112,88,6.7,81.6
30,,7.2,1685,50,1.2,100
23,58,8.6,1184,35,7.2,93.5
18,76,6.2,168,89,2.2,86.3
27,80,8.1,860,79,4.9,100
24,86,4.9,354,67,4.1,86.1
9,55,5.8,1193,87,2.4,100
2,86,6.9,1144,35,3.3,77.0
8,,8.1,917,81,1.3,
10,84,6.4,828,70,7.9,88.2
14,98,5.4,1210,96,1.8,100
11,86,6.0,1524,85,6.0,100
29,92,5.0,550,92,6.4,100
18,75,8.0,1720,41,1.7,100
22,50,8.1,1766,53,4.0,100
10,64,6.2,1327,39,5.9,79.7
14,,7.5,666,42,7.6,84.8
16,50,5.4,1425,71,2.0,91.5
27,88,6.8,1510,64,5.1,100
22,50,8.9,257,70,6.3,83.8
13,92,6.3,1280,60,4.4,97.1
4,85,5.8,1779,79,3.1,98.1
28,67,5.5,478,93,7.5,98.1
15,82,5.0,228,72,3.0,82.5
5,82,8.8,1181,67,5.7,95.7
26,65,7.9,1668,93,5.6,100
30,87,8.4,1067,49,2.4,100
9,93,7.7,1718,75,3.6,100
13,83,6.9,1515,68,2.4,100
28,71,4.8,445,95,2.9,100
8,86,5.7,1608,59,4.2,96.8
29,66,5.4,495,66,6.8,100
13,59,8.0,325,45,5.6,69.6
26,84,8.8,1067,82,5.2,100
17,86,8.4,1085,58,7.9,99.9
9,98,7.1,190,89,4.1,86.4
19,52,6.8,886,57,3.9,93.1
12,94,4.5,1460,61,3.3,100
5,70,6.1,611,58,4.6,73.2
21,71,,1101,89,2.1,100
24,98,6.2,900,70,3.9,96.4
23,64,8.2,1556,69,6.5,100
19,77,8.4,481,53,6.5,87.2
2,61,6.4,355,75,6.4,62.7
11,66,7.0,1242,41,3.5,84.5
28,66,6.6,1369,47,3.9,100
12,66,6.1,1227,67,3.1,89.0
23,,5.4,1259,57,7.8,100
11,72,6.0,1125,97,6.3,95.6
21,68,6.6,376,56,5.3,85.8
12,76,7.3,1250,86,6.9,100
9,70,5.9,676,69,5.0,81.8
14,67,,1679,81,6.1,100
7,61,8.3,336,65,,73.0
25,94,7.9,511,56,3.5,100
17,85,4.7,1658,85,4.4,100
4,56,5.7,398,45,5.4,63.2
9,97,5.8,1363,51,1.5,91.9
28,60,4.6,1438,80,7.0,100
29,84,,1203,91,1.5,100
24,84,5.3,1303,93,5.2,100
18,90,7.4,714,79,4.1,96.9
9,55,6.5,829,87,2.4,88.3
28,98,8.3,784,71,4.0,100
2,94,8.6,1627,96,2.7,100
21,64,8.1,1202,82,1.9,100
30,85,6.5,591,55,5.9,95.5
9,66,4.9,1360,65,4.4,81.0
27,89,8.1,1482,69,2.6,100
15,62,8.3,453,52,2.7,74.5
22,79,,637,97,1.9,100
19,51,5.3,289,71,2.5,83.2
24,78,7.8,556,46,1.6,91.4
11,100,8.1,840,94,5.7,100
3,71,4.9,1617,53,0.9,86.2
17,61,5.4,592,83,6.7,86.0
5,99,7.7,868,91,2.4,100
25,99,4.9,1443,61,4.0,100
23,69,8.7,404,40,6.1,83.6
17,90,5.8,818,41,7.0,84.5
8,57,5.6,969,76,0.6,88.3
14,100,5.6,166,95,5.7,85.8
6,73,8.0,589,55,4.2,75.1
26,90,4.8,808,54,5.8,94.1
27,56,5.1,556,75,7.9,94.4
27,78,7.8,123,83,3.2,94.5
6,66,8.5,1073,91,4.7,88.5
20,61,,742,94,2.6,100
28,88,8.6,1215,55,1.0,100
10,84,6.2,,83,6.0,82.7
30,,,825,65,2.9,100
28,74,5.4,1479,98,6.2,100
6,89,5.8,919,76,1.3,88.9
28,58,5.3,144,60,,89.4
8,56,4.6,1394,84,5.4,82.4
10,53,6.1,1320,44,0.6,83.3
8,91,6.7,1784,45,4.0,93.1
25,76,8.2,1706,42,6.7,100
10,83,4.7,224,73,1.1,81.7
5,96,5.5,869,59,1.9,89.5
23,65,7.1,446,88,,98.0
23,79,7.7,954,48,1.8,95.1
7,85,6.3,771,55,4.5,71.7
30,70,7.0,744,82,3.6,100
22,77,8.2,742,65,4.7,100
25,66,6.1,1006,92,7.7,100
2,96,4.7,662,37,4.4,71.6
11,64,5.5,724,37,6.3,70.6
24,67,8.6,1127,54,1.2,100
10,73,8.5,591,64,2.4,86.7
11,55,7.1,1245,62,6.0,85.6
7,81,8.2,1492,47,5.0,82.4
11,52,7.8,1260,83,1.1,100
13,77,6.4,326,64,6.1,82.1
29,88,8.7,1378,83,0.9,100
20,59,6.0,1509,63,1.6,100
23,96,9.0,992,46,2.2,100
6,71,4.9,1250,41,4.6,81.0
10,55,6.3,969,51,6.2,74.0
14,91,7.1,1229,66,2.3,100
10,99,6.4,1482,46,1.3,93.7
8,70,6.1,1422,38,6.3,82.8
7,72,7.3,1724,,5.2,93.8
9,62,7.6,399,45,1.3,77.3
3,65,8.8,382,71,0.6,77.3
16,80,4.6,508,62,2.0,84.1
18,98,5.7,1069,53,5.7,94.2
30,92,6.9,603,56,1.0,100
8,100,7.6,635,41,4.0,82.4
23,67,7.5,1431,81,,100
2,68,8.4,1409,84,2.2,85.8
5,70,6.7,1302,46,1.9,91.4
18,79,7.0,1539,37,0.8,100
17,75,7.8,,79,5.6,85.4
13,90,5.9,1106,70,6.6,88.0
30,51,8.7,653,63,1.6,97.3
30,75,7.5,259,83,4.4,100
23,64,6.4,1253,54,3.7,91.9
11,88,6.0,1190,51,2.1,95.4
27,62,8.4,712,52,3.7,100
26,59,7.5,1236,55,2.9,94.4
5,61,5.9,378,38,6.2,55.7
30,76,8.8,701,91,6.1,100
25,67,5.2,464,48,1.5,83.6
2,98,8.9,1343,69,5.0,89.6
9,93,4.6,242,96,1.5,84.4
29,88,6.6,1410,82,1.9,100
7,62,5.5,916,36,7.4,71.0
15,64,7.8,495,61,1.0,98.9
29,89,6.7,745,93,7.2,100
15,75,8.0,1325,83,5.9,96.1
20,88,6.9,1393,39,4.4,100
16,79,8.2,166,66,4.4,79.8
19,74,6.8,1371,41,1.9,100
16,75,8.5,1664,71,4.0,100
3,94,6.8,371,94,6.7,85.3
16,55,7.8,311,58,6.3,84.2
6,75,6.4,1003,38,1.8,75.2
20,95,8.5,1011,46,2.4,98.8
27,60,7.7,333,46,1.4,82.2
16,90,6.1,1152,84,6.0,100
7,74,7.0,169,56,7.3,66.6
20,92,8.4,412,53,1.8,94.0
11,96,8.0,993,71,5.2,92.4
5,58,8.8,87,67,0.6,67.7
27,50,7.2,1090,65,2.1,100
23,80,6.5,984,45,5.0,100
10,89,7.3,1759,61,0.9,100
6,53,7.4,155,53,6.9,57.5
11,71,8.6,180,48,3.6,67.3
7,60,7.5,1331,57,7.7,82.7
3,,8.0,741,82,7.2,73.0
28,54,7.9,1207,43,2.7,100
10,71,6.9,1154,61,5.7,92.8
21,53,5.0,1574,46,4.1,91.5
24,68,6.4,728,68,4.4,88.0
,72,8.7,1338,98,,100
7,,5.5,674,59,0.5,79.2
2,79,7.3,321,61,6.5,73.1
12,72,7.0,1385,62,0.6,98.4
8,94,5.8,1698,43,2.8,90.2
2,57,7.6,779,85,5.9,78.5
21,51,8.2,477,77,6.8,95.1
17,52,7.4,1066,54,5.2,86.2
30,84,8.5,1027,87,7.5,100
20,96,7.6,1217,37,2.1,100
23,71,8.1,1709,80,1.0,100
12,74,7.3,419,84,1.9,97.3
5,100,7.9,1524,75,5.8,99.8
30,65,6.2,1778,73,,100
11,61,5.0,1687,39,6.3,88.5
2,80,8.6,395,59,3.1,71.8
17,96,8.4,715,76,1.6,100
18,93,9.0,500,39,3.9,83.4
24,83,5.0,716,40,5.7,87.5
16,52,5.0,1649,74,0.7,100
26,69,7.4,509,76,2.0,100
26,78,7.5,638,54,1.7,100
5,50,8.8,1226,48,2.0,79.0
6,95,8.1,1255,66,1.8,100
11,89,8.5,1187,91,0.9,100
3,56,6.2,256,89,3.4,74.6
24,88,8.5,1369,92,5.1,
24,98,7.5,1172,45,7.8,100
26,98,6.6,349,46,6.6,96.9
16,69,7.6,1534,94,4.0,100
9,59,8.4,1343,68,7.3,84.4
23,71,8.0,745,93,4.2,100
4,80,5.0,1060,94,6.8,86.9
20,58,6.8,910,48,2.9,94.2
22,54,8.1,1171,94,3.5,100
19,60,8.9,866,43,3.1,93.7
28,94,7.2,1686,90,4.8,100
7,92,7.5,1594,97,1.4,100
21,79,6.0,279,91,1.8,100
5,93,8.2,1659,83,3.0,100
22,92,4.8,525,52,7.2,93.3
2,98,5.2,385,92,4.5,77.7
14,89,7.1,480,61,5.6,83.7
23,69,8.6,970,79,7.9,100
20,50,7.3,1125,86,6.9,100
30,85,8.9,81,80,1.3,100
11,51,5.6,1518,85,5.2,94.2
15,84,5.5,435,95,1.5,92.2
19,74,8.3,817,88,1.7,100
6,50,4.8,112,53,5.9,57.1
17,92,6.5,358,45,1.5,89.1
30,100,7.6,951,58,3.9,100
15,85,8.2,867,80,2.2,100
17,96,5.6,1107,69,3.6,100
19,86,6.2,157,96,5.8,98.6
24,,5.1,1577,70,4.0,100
4,83,8.5,261,66,4.0,75.6
4,93,7.4,1714,74,5.1,88.4
30,71,6.9,102,95,3.9,100
12,76,6.1,1714,72,2.7,100
3,94,8.7,1614,73,6.0,97.0
17,87,5.3,185,72,6.6,83.3
21,51,5.8,248,51,4.3,79.9
6,89,5.8,606,36,6.1,66.6
21,61,,1593,54,5.4,100
27,94,5.6,450,39,3.1,
4,59,7.2,1762,54,6.8,85.3
14,65,7.5,1566,56,2.1,94.8
25,72,4.7,621,49,0.9,87.8
17,97,8.8,1170,64,3.3,100
24,74,6.6,377,90,0.6,100
23,70,8.8,1478,40,1.2,100
19,90,6.1,964,69,3.0,100
22,87,6.3,1663,65,6.0,100
20,99,5.4,771,58,2.8,98.5
4,50,6.4,1155,,5.6,72.2
13,64,,595,59,0.8,85.0
21,92,8.5,524,50,5.8,92.5
5,55,8.4,346,83,5.4,80.7
7,57,7.6,598,72,4.0,75.6
4,90,6.5,646,89,5.7,81.8
10,60,8.0,647,42,3.4,69.0
12,53,5.7,,68,1.8,100
8,89,6.3,1401,97,1.3,100
19,99,6.4,1337,48,7.3,99.4
4,54,7.1,593,92,0.6,81.3
17,59,7.4,81,39,5.5,69.9
30,75,7.1,1135,97,4.1,100
14,96,8.0,1688,43,4.6,100
28,99,6.7,1241,80,3.0,100
11,75,4.7,1405,46,3.2,90.0
28,79,7.9,673,60,1.8,100
3,74,7.5,692,84,7.2,77.6
4,90,6.5,468,52,0.8,73.2
2,96,9.0,568,97,,93.9
17,84,8.8,1742,92,7.7,100
2,52,6.0,771,40,3.5,65.1
18,79,8.7,1178,54,6.1,100
9,54,4.7,369,97,5.4,68.7
3,65,7.7,347,36,1.8,66.0
3,69,8.2,279,93,5.1,79.8
28,56,5.0,1298,63,1.0,100
8,77,6.0,1791,86,2.9,100
6,70,8.3,1704,62,6.2,92.7
20,61,6.0,327,70,1.6,82.5
19,60,6.5,1271,40,1.5,96.8
27,90,7.3,1672,55,0.6,100
7,55,7.7,1295,71,3.6,89.3
27,100,8.0,1497,51,2.0,100
15,65,8.7,1330,39,5.0,86.9
24,81,7.3,260,73,3.1,100
5,83,8.9,1347,81,7.0,96.0
19,82,5.5,1657,61,2.6,100
23,80,6.7,407,40,0.9,97.3
13,68,5.4,594,77,5.1,88.5
5,97,4.7,1180,57,1.7,84.2
2,81,6.8,225,65,5.9,65.0
8,97,7.5,747,64,6.3,84.3
12,64,4.9,1590,87,7.0,95.9
17,87,6.7,972,53,2.1,98.5
21,79,5.3,844,52,3.9,94.1
10,62,6.0,145,42,2.6,70.2
5,79,6.6,430,78,2.1,80.4
27,90,8.8,428,64,1.1,100
29,83,6.7,523,95,6.8,100
25,65,5.6,969,63,7.2,100
20,59,8.6,90,88,7.9,93.3
26,82,4.7,1167,85,4.1,100
27,94,8.2,1006,98,2.3,100
25,76,8.8,351,80,2.7,100
22,55,4.6,1450,74,1.7,99.3
20,51,8.9,1029,52,7.1,92.6
14,61,8.1,838,94,5.8,100
14,94,6.0,146,72,3.7,85.5
10,94,8.8,1190,61,6.4,100
25,53,6.8,1461,81,7.2,100
5,74,6.1,1347,40,3.2,83.2
4,85,7.7,499,52,7.9,76.3
9,84,5.0,1059,61,6.1,84.9
30,67,6.8,946,70,0.9,100
13,72,6.5,1106,50,4.0,79.6
30,68,6.5,833,43,1.9,98.9
30,79,4.9,880,57,2.7,100
10,57,7.6,1096,54,7.1,80.9
18,90,4.6,933,51,4.1,85.2
2,68,5.4,125,64,6.8,64.2
18,91,6.0,1265,78,,100
23,94,6.9,1203,91,3.9,100
20,58,8.5,707,56,6.4,89.6
11,99,8.3,383,80,2.6,98.3
7,89,8.7,1537,71,1.9,100
30,92,8.1,410,65,1.4,100
12,86,5.1,613,82,1.9,90.7
12,72,5.2,998,55,4.5,83.7
5,51,6.3,1102,53,7.6,74.5
25,84,8.9,758,72,4.1,100
11,98,8.9,1254,53,6.5,94.8
12,94,5.0,1060,40,1.5,77.8
19,57,5.9,902,,3.8,92.2
22,62,7.1,534,70,2.0,96.1
4,84,8.3,1466,46,7.8,80.6
21,88,6.8,194,81,3.5,
24,77,6.2,843,36,2.6,85.8
29,85,4.9,1570,91,6.1,100
15,78,5.8,1730,89,6.0,100
21,55,5.1,701,95,7.9,98.6
18,71,4.8,1289,83,1.2,96.9
15,61,7.0,1534,52,2.0,100
28,74,5.8,1084,40,6.7,95.3
17,85,7.8,539,38,6.4,88.4
,66,5.9,1391,95,1.4,96.5
7,81,8.6,1400,66,0.7,95.9
26,67,6.7,216,81,4.9,87.6
22,93,6.6,1501,50,3.3,100
25,86,4.6,611,55,4.9,96.8
24,58,6.1,188,69,3.2,92.3
22,72,4.7,677,44,4.4,86.2
5,88,7.9,1193,76,7.0,88.8
28,93,8.1,635,81,1.2,100
2,58,6.8,843,97,,80.2
7,56,5.5,1110,63,6.7,79.6
24,83,8.3,1539,49,3.6,100
4,57,8.2,115,96,3.1,76.7
16,88,6.9,780,57,5.8,88.5
2,97,8.2,535,51,6.9,75.7
6,63,5.1,240,89,5.7,76.0
27,57,4.8,1666,96,6.2,100
27,92,6.8,201,95,1.4,100
10,52,4.8,1447,36,6.2,78.6
8,87,8.6,458,79,0.7,81.3
6,97,8.7,1267,79,3.1,100
21,65,6.8,219,47,6.6,72.5
26,50,6.9,1545,59,7.7,100
2,96,4.9,518,95,3.2,91.1
20,61,6.5,299,58,6.8,85.3
18,64,6.3,1639,75,1.4,100
5,83,5.1,1641,81,5.8,94.2
12,81,5.0,660,93,5.0,91.3
11,93,8.9,989,63,4.7,93.5
8,54,8.5,1723,95,7.5,100
13,61,4.6,1460,97,5.5,96.1
23,55,5.0,888,86,5.7,100
5,97,8.7,425,43,3.2,77.9
29,75,5.1,1796,89,5.9,100
10,98,7.7,1271,69,6.2,100
13,80,7.5,908,97,4.3,91.9
6,99,6.5,330,67,4.2,81.0
2,56,7.8,1780,43,4.2,93.4
2,61,6.2,1471,76,1.6,87.4
4,92,7.9,1651,98,6.4,100
8,68,7.5,1084,68,4.6,89.9
2,98,4.6,961,50,3.4,72.2
12,74,6.5,153,39,1.8,67.4
30,95,5.2,962,52,2.8,100
14,81,7.9,1245,97,5.5,100
17,85,8.3,1117,42,3.4,90.7
17,87,8.9,1343,80,6.2,100
20,52,5.1,830,79,6.6,92.4
20,51,7.9,1360,78,3.4,93.0
15,72,4.8,580,66,,91.8
11,87,4.9,1489,43,7.0,89.5
19,70,4.7,1427,89,4.8,100
30,76,5.7,1505,95,4.9,100
14,70,7.1,1735,97,1.3,100
23,63,6.0,1109,78,1.7,100
8,81,7.4,1692,44,6.8,100
19,63,5.8,177,73,8.0,77.8
25,55,7.7,1264,47,4.9,100
10,54,7.0,1167,95,3.7,95.2
28,69,6.8,,90,5.5,100
12,62,6.4,594,93,5.5,79.5
22,95,6.8,462,98,2.1,100
28,97,8.7,628,90,7.5,100
8,73,6.6,572,54,6.1,72.7
26,69,,920,75,7.0,100
29,76,5.7,667,55,,97.3
21,65,6.3,312,54,1.9,85.8
16,81,7.0,973,89,5.4,100
3,62,5.2,359,38,2.4,61.9
7,91,8.3,1559,,6.4,100
3,55,5.9,690,43,7.3,57.8
23,55,6.3,1799,52,2.3,100
20,97,6.8,327,67,4.2,99.6
26,70,6.0,1276,84,6.5,100
25,65,8.7,526,53,1.3,97.9
15,66,8.4,194,97,4.5,95.2
24,57,5.9,947,95,5.6,100
6,73,6.6,833,74,0.7,84.9
30,88,4.7,1594,41,5.7,100
19,74,5.9,1514,81,7.3,100
23,57,6.9,564,91,3.4,100
10,69,4.9,1764,65,2.7,94.6
,,8.6,1373,75,7.1,100
3,67,8.4,1765,97,4.0,98.7
15,71,7.7,1759,47,6.7,96.4
13,76,7.2,1745,76,3.9,100
2,98,4.7,1393,58,5.2,85.4
14,62,7.3,722,45,1.3,80.8
9,83,7.7,1652,51,6.9,90.8
12,78,6.7,1585,52,2.5,90.3
23,87,8.2,1717,71,2.0,100
30,74,8.8,1248,63,0.7,100
2,85,7.4,1363,64,7.3,88.7
24,60,4.7,1345,89,5.0,100
6,55,8.8,428,50,0.6,65.7
16,93,6.7,539,61,1.9,91.4
29,100,,1608,98,3.4,100
8,68,7.8,467,88,1.9,88.8
27,59,4.6,616,65,5.1,96.5
23,91,6.6,101,95,,100
12,94,6.3,514,84,5.8,90.7
5,85,4.8,761,65,4.0,75.5
13,88,8.7,1723,40,0.5,99.9
14,92,6.2,1225,40,4.9,90.7
10,60,6.8,774,94,1.5,90.8
6,66,5.0,170,51,4.2,67.9
28,67,7.9,,71,7.3,100
10,83,5.9,417,75,6.0,90.0
17,98,8.8,1218,91,0.9,100
3,80,5.7,1525,94,3.8,100
30,81,4.7,810,97,3.9,100
6,57,6.1,497,71,1.9,80.3
7,97,6.8,638,62,4.9,88.7
20,61,6.4,237,66,6.3,81.4
23,56,8.5,133,71,5.6,86.4
20,,8.3,394,,1.1,78.8
28,95,7.5,1009,69,5.0,100
22,89,8.8,745,51,2.1,100
3,91,5.8,1714,42,6.1,79.4
4,75,5.6,571,86,1.2,81.2
29,63,5.2,1676,86,2.6,100
5,69,6.7,965,74,7.3,74.7
21,58,6.1,276,82,4.3,80.1
17,67,7.0,946,46,6.2,86.8
27,73,7.3,969,89,1.2,100
23,64,7.4,1541,54,7.5,100
18,90,7.4,251,72,4.0,99.4
11,59,8.9,1481,,6.8,100
18,77,5.8,177,44,7.4,69.0
15,56,6.6,1555,67,3.2,98.7
20,55,8.0,113,49,6.1,69.1
28,75,4.7,932,73,2.9,100
25,79,7.9,1001,68,3.1,100
8,61,4.9,1317,68,7.0,79.5
5,77,6.9,91,85,1.4,81.3
24,75,8.4,1604,97,2.8,100
28,89,6.1,1459,85,6.5,100
8,57,8.2,1505,59,6.9,89.4
8,80,7.4,1410,65,3.8,89.5
8,55,5.9,1029,53,4.1,71.9
2,57,5.2,392,91,7.7,60.4
20,65,5.4,1246,85,0.9,100
2,56,7.3,1540,90,7.8,93.5
21,96,7.0,675,39,4.2,86.4
17,82,7.2,1332,97,2.2,100
20,70,7.0,628,88,7.2,97.3
5,81,7.3,1403,79,3.9,93.5
25,62,6.6,977,64,4.3,100
20,93,,1313,94,1.5,100
15,93,7.4,817,95,6.5,100
29,60,7.3,658,46,5.5,96.1
21,81,5.0,931,98,2.8,100
8,85,4.7,117,80,7.1,72.3
28,82,4.6,210,78,3.7,100
21,64,5.0,538,97,2.4,96.9
3,99,8.4,627,54,6.9,81.3
29,82,7.2,293,41,7.4,85.4
28,98,5.0,296,48,6.7,93.7
3,82,5.0,1370,50,7.0,80.7
11,95,6.5,1116,98,6.0,100
5,59,7.4,765,52,1.4,79.4
26,99,4.5,1789,95,,100
18,60,4.9,842,88,3.2,94.8
26,83,6.4,547,52,,91.5
15,76,8.5,1137,81,7.6,93.4
24,83,8.7,253,78,2.9,100
26,60,6.5,885,39,5.5,84.8
3,90,8.9,1716,72,3.6,93.8
30,93,7.7,703,75,7.3,100
18,89,8.6,1514,86,3.8,100
8,84,7.3,1346,91,5.7,100
14,99,5.4,697,45,0.8,83.3
12,,7.8,1595,51,4.4,93.6
18,85,5.9,777,55,0.7,93.8
30,100,6.9,609,65,6.7,100
,57,7.8,843,68,5.2,96.7
13,57,4.7,1413,50,3.9,86.0
12,65,8.1,1271,64,3.1,95.1
11,92,8.0,1544,52,5.9,94.7
12,83,7.1,1765,81,3.9,100
6,95,6.4,923,45,1.2,81.6
8,78,4.9,1466,86,4.9,97.9
18,99,6.3,620,98,5.3,100
17,96,8.9,1767,55,1.6,100
6,81,7.7,344,50,5.7,70.4
7,85,6.2,323,87,1.3,86.1
13,86,5.8,1150,54,,92.6
11,81,4.6,372,53,,76.6
15,53,8.7,704,71,2.1,93.5
5,85,6.1,171,88,4.1,74.3
11,86,6.5,771,83,4.1,92.5
26,58,6.8,1023,92,5.5,100
6,96,6.0,1718,87,3.4,100
3,92,8.5,1587,70,5.3,94.6
29,60,7.7,1251,74,4.7,100
8,89,6.9,1631,41,7.7,92.9
18,62,7.9,1109,37,1.4,94.3
2,67,8.0,582,91,1.1,83.6
,88,5.9,1286,40,4.2,100
7,76,4.6,1161,75,3.4,86.6
4,57,8.9,1189,56,2.6,86.4
6,69,8.8,1469,56,0.9,100
12,,4.6,199,73,3.4,73.2
12,66,6.2,1775,50,0.9,100
9,98,7.2,564,98,4.3,85.5
10,53,5.9,1212,87,1.0,94.7
2,76,7.4,118,69,4.7,67.1
26,85,7.4,337,73,4.8,99.4
16,55,8.3,1104,61,6.4,94.8
7,100,5.6,947,92,0.8,100
28,79,8.8,1351,72,5.4,100
17,67,7.2,1799,83,8.0,100
28,90,5.5,1125,71,0.8,100
11,55,,331,52,5.9,63.2
10,77,5.4,1113,75,7.1,94.9
26,95,6.5,583,76,3.1,100
16,88,6.0,1496,52,5.3,100
30,50,7.5,926,97,6.2,100
19,55,8.0,1409,44,4.5,100
16,93,5.1,1744,83,6.7,100
13,74,5.3,1652,36,1.4,90.7
2,64,7.8,1633,70,5.6,91.3
24,72,5.4,1751,73,6.6,100
13,52,5.8,1521,61,0.6,100
28,90,6.3,648,98,1.8,100
23,93,7.2,439,43,4.9,98.1
25,54,5.1,1247,64,7.1,97.3
29,93,4.6,1499,67,5.6,100
30,79,4.5,954,41,6.9,92.6
15,67,5.0,1141,94,4.2,100
18,98,4.7,1557,63,0.9,100
12,50,6.3,765,45,7.1,69.5
27,51,,542,89,7.7,100
12,69,4.8,1360,47,0.7,87.8
15,51,7.2,1362,77,6.8,96.0
12,53,8.2,1144,65,7.6,92.3
26,88,7.3,1644,47,5.2,100
3,52,6.2,1500,43,6.4,73.2
3,78,4.7,1330,90,1.0,91.3
11,74,6.3,1344,87,2.2,97.0
21,100,7.5,101,93,3.4,100
21,56,6.0,1463,38,3.9,84.9
12,87,5.4,290,36,5.0,78.3
8,86,5.1,1122,67,3.2,92.8
17,96,7.3,460,66,1.5,98.3
20,77,6.8,1414,80,2.8,100
30,84,8.0,381,95,2.8,100
2,83,7.1,1469,53,0.9,92.4
18,85,8.4,944,79,2.0,100
27,54,6.0,1447,95,5.7,100
16,88,7.6,1264,77,5.1,100
16,100,8.6,1095,63,,100
22,64,7.6,1035,62,2.3,100
12,97,,899,58,6.7,77.7
2,73,4.5,812,38,4.7,67.7
22,87,8.6,817,40,7.8,97.0
8,62,5.8,528,68,5.9,71.3
7,62,4.6,616,47,0.7,75.9
23,58,6.2,1692,49,3.0,100
13,73,7.5,1159,90,7.1,100
4,57,5.1,347,59,1.9,63.0
21,77,8.9,580,40,6.2,91.4
20,62,8.3,682,54,3.0,99.2
29,58,8.3,1276,97,2.1,100
4,100,6.6,1438,43,1.8,82.5
26,82,6.2,1142,94,1.8,100
24,73,,1069,98,4.1,100
27,87,,504,63,7.2,96.2
16,65,6.3,706,89,7.2,82.5
13,66,7.0,355,45,2.7,71.2
18,72,5.5,164,94,4.3,87.8
15,76,6.2,1098,75,2.5,100
2,61,6.5,623,44,3.2,73.1
18,84,7.4,1689,70,7.4,100
5,57,4.8,158,60,3.0,61.6
,99,7.6,642,59,5.8,99.3
6,98,7.7,,68,0.6,95.4
27,75,8.8,1763,36,4.0,100
18,98,8.8,894,64,,100
18,87,8.0,1631,94,5.9,100
16,71,8.1,721,59,3.7,94.9
16,78,8.3,141,82,1.5,90.9
29,58,5.9,1591,,4.2,100
9,76,6.4,1621,86,6.2,97.4
24,84,5.8,1282,37,4.8,100
12,86,7.3,1314,85,7.9,100
8,75,4.8,871,59,4.1,74.2
22,69,4.9,293,57,0.7,97.1
24,88,6.7,462,60,1.0,100
9,68,7.5,223,93,0.9,86.0
18,50,5.3,921,85,1.7,100
17,97,4.8,502,51,7.0,87.0
11,77,8.2,1441,95,1.7,100
8,82,,1019,70,2.0,91.5
6,78,4.8,897,66,4.4,88.3
16,79,7.1,1589,46,2.7,95.8
30,,6.1,1537,73,3.4,100
15,65,5.3,1345,90,3.9,94.3
23,61,7.6,275,85,5.7,100
7,67,8.5,1181,72,5.5,92.6
4,94,7.8,524,98,3.6,91.6
13,54,7.9,1113,76,3.6,92.1
7,66,5.4,171,94,0.7,76.3
16,74,6.0,897,59,3.5,85.5
2,66,5.0,359,76,5.5,63.0
4,85,7.5,1541,91,1.6,100
28,67,8.3,429,37,5.1,91.4
25,75,5.3,1455,36,5.6,100
6,78,6.1,523,,7.2,61.5
3,90,8.2,1392,48,3.4,87.3
11,78,4.7,89,41,6.3,65.3
13,65,5.4,112,88,0.7,73.8
2,71,8.2,1472,43,2.2,89.8
28,92,5.3,422,40,3.6,87.8
5,70,6.0,1363,59,5.2,87.8
15,57,5.5,296,80,2.9,81.1
2,75,7.4,104,84,2.1,76.5
10,91,7.3,169,43,7.1,77.7
15,69,8.0,1103,48,5.8,92.1
20,60,5.6,274,76,7.9,73.1
24,74,,1659,52,3.0,100
12,92,6.7,766,37,5.1,74.5
20,78,6.2,1391,64,4.3,100
2,89,7.9,334,74,2.3,78.8
15,98,5.6,242,42,1.5,78.1
14,63,7.4,567,91,6.0,90.8
12,58,5.8,1398,40,4.4,90.1
11,98,4.6,1580,77,3.1,100
8,84,4.7,1441,66,6.5,88.9
29,74,6.8,455,91,5.2,100
4,81,4.8,474,41,5.3,66.3
4,61,7.2,1782,61,2.3,94.5
4,77,7.8,717,56,5.9,76.0
9,69,5.8,998,60,2.5,87.4
27,80,4.9,816,85,3.3,100
21,97,6.5,399,96,0.6,100
14,77,8.3,1634,73,5.0,100
10,74,6.6,1008,71,3.3,96.7
21,80,,359,95,2.0,99.8
29,82,7.8,846,97,3.5,100
15,75,8.9,844,84,4.2,96.8
15,52,9.0,334,84,7.5,80.4
7,62,7.9,602,79,4.3,75.6
24,53,7.4,948,66,2.3,100
3,73,7.3,1465,38,5.7,77.0
16,93,5.2,586,55,0.6,87.6
26,55,7.4,867,85,5.8,100
8,77,5.2,954,67,5.7,82.6
18,84,7.5,863,74,6.0,99.3
29,55,5.0,1252,79,6.6,96.9
10,97,5.4,1612,85,5.7,100
,50,4.9,1664,88,4.4,100
22,68,7.8,429,57,3.3,90.3
7,82,8.8,1002,62,1.9,88.5
3,97,5.3,1634,59,2.4,96.8
22,89,5.0,1383,56,1.1,100
4,74,5.1,211,78,0.7,75.1
26,56,4.5,624,35,5.5,86.9
27,52,4.9,1149,35,3.3,81.0
10,81,6.6,770,89,,93.0
23,71,9.0,1752,65,7.6,100
3,72,8.4,1731,47,0.5,88.3
29,94,6.3,1790,52,,100
24,98,8.2,834,92,5.1,100
23,80,6.8,1432,59,0.5,100
12,51,,173,76,5.6,67.8
9,88,6.7,1593,45,3.1,100
17,92,8.4,285,84,2.7,94.6
8,95,5.1,,39,1.5,86.1
23,85,8.9,1036,56,7.2,99.3
5,80,7.5,573,66,2.1,81.5
4,56,6.5,1545,38,1.7,73.4
12,74,7.9,531,67,5.5,91.0
23,58,8.7,1377,97,1.2,100
24,71,8.4,1259,43,5.3,96.2
25,96,6.2,,90,6.6,100
9,66,5.0,259,49,1.2,68.8
25,57,7.1,340,75,7.7,80.3
20,97,4.5,206,59,6.9,88.0
13,93,8.7,338,63,1.3,90.3
2,84,8.3,727,53,6.6,73.8
23,79,5.2,660,53,6.1,93.2
29,94,4.7,735,74,4.3,100
29,95,7.1,1372,62,4.2,100
24,74,4.8,1739,77,1.6,100
27,64,7.7,187,57,6.9,79.9
25,75,5.8,1749,55,7.9,100
23,80,9.0,1631,85,3.4,100
18,96,5.8,1506,59,5.8,100
12,98,8.1,1728,41,6.9,98.5
24,69,6.6,415,52,3.8,79.8
8,63,8.1,480,36,3.2,71.4
29,86,5.0,1688,53,3.3,100
7,53,4.9,1050,57,7.6,72.1
5,82,7.4,1295,90,7.8,91.3
3,,5.6,1080,73,5.7,74.3
7,91,7.9,1668,46,6.3,97.5
10,90,7.4,832,36,1.4,79.3
4,57,6.7,1449,63,0.7,82.2
10,94,7.9,1706,58,3.4,100
22,94,6.5,1250,51,1.2,100
27,84,5.3,1744,37,3.5,100
28,,8.0,1165,97,1.0,100
28,100,,1623,61,7.7,100
30,57,5.3,1306,58,0.5,100
3,58,7.1,1416,55,1.2,85.2
10,98,4.7,335,73,3.2,79.1
23,50,5.6,174,72,5.4,82.2
16,58,,1503,75,4.4,100
19,82,5.4,282,40,2.3,80.4
8,59,5.8,1785,62,7.7,86.6
13,67,5.1,1354,89,1.1,100
10,66,6.2,414,86,3.9,89.8
24,59,6.9,224,69,8.0,83.8
24,91,5.4,842,55,3.6,100
15,74,4.6,1316,66,1.1,100
5,84,5.0,1203,87,1.0,92.3
12,99,5.7,1714,63,2.6,100
5,74,8.9,535,83,7.6,82.3
18,96,8.4,1285,97,1.2,100
13,94,7.1,657,69,5.1,93.8
26,74,5.3,1730,86,4.1,100
6,66,4.5,1131,54,5.4,80.0
10,53,8.6,1389,82,5.8,100
9,93,7.2,1527,93,1.9,100
18,68,5.7,956,64,2.8,93.3
29,55,8.8,912,75,6.8,100
9,55,5.2,197,45,6.1,59.5
19,81,8.1,101,89,5.6,96.1
17,82,7.6,1466,50,3.5,100
21,62,8.6,1607,35,5.9,96.5
9,97,7.5,1766,40,5.1,89.5
7,,8.7,1644,63,1.8,100
13,53,6.4,856,56,3.3,84.0
5,71,8.6,591,50,2.7,72.6
2,97,7.3,886,62,7.4,80.7
22,82,8.2,152,,7.2,99.2
2,89,6.6,691,80,1.3,84.2
13,96,5.3,806,36,1.3,83.1
18,59,6.3,1078,35,1.7,
23,66,5.5,889,82,2.7,100
27,67,5.0,978,91,1.7,100
13,97,6.5,815,60,,93.9
15,97,6.0,144,55,5.5,82.8
17,92,8.9,323,88,4.2,
6,70,7.9,1678,86,4.3,100
25,74,5.1,300,37,1.4,84.6
23,65,4.7,1779,78,3.7,100
21,97,4.5,1063,72,2.6,100
21,59,7.8,462,66,2.6,94.3
5,66,9.0,586,89,2.0,85.6
24,96,6.8,451,59,7.9,86.7
20,90,7.4,549,50,1.5,100
6,77,4.6,488,46,7.0,68.7
14,76,6.9,1513,64,2.2,100
15,91,4.7,305,69,3.2,86.4
13,95,6.4,735,41,1.9,93.0
12,63,5.8,653,47,3.7,76.3
10,81,6.1,703,49,1.2,87.9
29,58,6.0,,81,6.1,100
20,83,,567,70,2.1,91.4
6,90,7.8,326,40,4.9,77.3
30,91,8.2,475,92,7.4,100
12,69,7.8,1638,60,4.5,100
6,52,5.1,936,67,7.2,74.1
19,72,8.5,998,50,7.3,84.1
4,80,6.4,1111,37,1.8,76.4
11,52,8.8,204,59,6.1,84.0
14,81,7.6,1131,44,1.7,93.3
26,74,6.3,636,61,1.9,95.4
7,86,5.5,1506,36,7.1,83.3
24,96,6.9,701,63,2.7,99.5
10,85,5.0,538,40,4.5,71.5
30,67,8.7,633,41,5.3,100
,63,6.9,82,79,5.2,78.5
24,85,5.7,353,87,7.2,97.2
11,70,8.9,1361,36,6.7,88.6
7,66,8.9,1180,48,5.9,94.3
24,74,8.8,607,61,6.6,97.7
20,90,8.1,1621,85,1.7,100
9,96,7.8,834,53,7.3,87.3
7,61,5.3,1084,58,5.4,79.6
,69,5.2,443,85,5.7,73.6
15,65,6.5,1401,86,1.3,100
,58,7.8,1734,36,5.0,95.8
28,50,7.9,1399,40,1.5,100
26,55,5.7,1364,36,6.4,100
19,97,8.2,1528,45,2.0,100
17,98,7.0,989,55,2.8,96.1
19,94,5.7,1193,50,0.7,100
3,56,7.0,290,88,1.6,76.8
15,74,5.2,1422,,2.2,100
30,93,6.2,1544,49,4.2,100
11,72,4.8,763,50,3.2,78.4
4,52,7.2,444,89,4.5,71.0
6,92,7.6,1359,71,,93.6
5,67,8.6,1435,82,7.5,95.8
4,100,4.5,384,53,2.9,65.9
14,78,7.7,1688,96,6.6,100
25,67,5.2,741,51,1.9,97.1
14,72,5.9,948,96,5.7,91.0
12,58,8.1,1419,66,3.4,100
19,81,6.9,1088,64,3.4,97.2
20,99,7.6,1612,63,,100
9,73,4.5,115,81,4.7,84.3
3,72,6.1,1674,52,2.7,84.4
6,85,8.9,942,66,2.1,92.5
5,94,7.7,853,38,5.7,84.7
15,73,4.7,297,44,4.1,71.1
6,73,5.1,581,44,0.6,70.4
28,76,5.2,453,95,6.1,100
11,80,6.4,770,91,6.4,85.5
24,50,5.8,399,42,7.1,85.0
18,60,4.5,1785,89,,100
30,79,7.0,1778,68,7.4,100
15,60,5.7,268,83,7.8,79.9
6,97,5.5,1347,42,2.1,90.4
19,88,8.3,1752,94,4.1,100
22,91,6.3,859,56,0.9,98.8
10,56,5.0,822,77,0.7,89.0
11,,6.9,213,62,5.0,73.2
19,62,7.4,146,65,2.5,81.0
20,86,4.7,1698,96,0.8,100
2,72,7.9,895,59,2.9,89.0
14,96,6.1,345,47,3.0,86.4
18,99,5.2,1282,83,4.1,100
29,52,5.8,390,94,1.1,
9,63,8.1,1419,53,6.3,79.9
7,82,6.8,1572,78,3.9,100
21,,4.7,1539,84,2.3,100
21,88,4.8,392,98,1.2,100
11,85,8.4,1713,46,4.2,100
16,70,5.3,685,55,1.0,82.8
4,61,7.7,1023,68,7.9,76.6
10,98,8.4,1411,52,7.5,100
13,68,6.3,1349,51,3.8,89.9
18,89,8.8,845,45,5.6,90.2
30,93,4.7,1398,42,6.1,100
9,94,8.2,96,54,6.9,74.0
14,54,5.5,,46,3.1,84.3
16,91,6.9,1755,94,,100
14,99,6.4,902,77,1.0,100
12,88,6.7,1518,95,1.4,100
17,59,7.4,735,39,7.9,79.9
26,74,4.8,1735,81,6.4,100
8,51,8.8,1480,89,2.5,99.9
22,61,4.9,221,70,3.5,83.4
29,76,6.9,1451,68,1.9,100
3,55,8.5,957,78,7.7,78.8
15,80,,1490,55,7.7,98.7
15,72,8.6,1248,84,6.7,94.4
8,54,7.8,1264,53,2.9,81.5
28,96,7.8,1588,75,0.6,100
17,70,5.0,1460,87,2.5,100
25,50,8.9,1784,51,5.3,100
3,63,7.9,,88,5.7,73.3
26,60,7.2,522,79,2.1,100
2,73,8.2,113,73,7.2,74.7
18,57,7.6,1408,93,3.6,100
15,83,8.9,767,49,7.4,94.6
16,77,6.2,1212,55,4.6,87.8
24,93,6.5,660,47,8.0,98.7
27,56,4.9,113,87,1.3,95.1
19,56,7.4,1110,39,5.5,81.2
29,76,5.5,1671,93,4.6,100
5,72,8.9,1030,87,7.3,96.2
22,95,8.0,890,35,7.5,95.0
10,92,5.7,1797,88,5.5,100
2,76,4.6,133,54,6.4,61.6
25,88,5.9,429,90,2.3,100
14,62,7.3,885,41,6.5,77.7
22,74,8.9,435,86,7.3,98.3
18,60,6.5,283,51,4.3,72.8
28,98,7.3,612,55,7.6,95.7
8,55,4.9,975,36,5.2,68.2
24,84,8.6,241,83,0.7,100
25,58,8.9,1379,80,1.9,100
8,84,8.3,1567,83,6.3,100
23,53,5.7,374,37,5.3,75.0
16,88,5.1,370,71,2.5,87.9
7,55,4.8,820,61,3.4,73.7
4,81,8.8,236,61,5.7,72.9
14,70,7.4,1003,55,1.8,94.7
20,90,7.2,144,50,7.8,82.6
13,80,9.0,1308,35,1.7,93.7
8,88,4.6,127,54,2.1,61.1
13,57,8.5,140,76,1.5,89.3
6,67,5.7,488,46,3.1,71.9
19,91,5.8,1606,98,,100
10,61,5.4,1549,70,7.7,86.5
5,87,8.1,1283,74,1.7,99.2
15,78,6.4,1610,69,6.6,100
21,56,7.2,959,60,4.8,89.5
4,78,5.3,149,67,4.9,72.3
11,88,8.2,1401,80,3.5,100
15,100,5.3,582,44,2.1,91.7
13,73,5.2,723,50,0.6,80.6
8,79,7.1,738,64,4.7,76.6
14,68,7.2,1159,62,1.3,94.9
30,92,4.8,1403,88,5.6,100
15,70,8.2,485,60,0.9,87.3
10,76,5.0,1007,56,5.0,82.7
20,74,5.6,123,71,0.6,90.1
2,79,5.8,904,39,7.2,61.8
18,52,6.0,113,43,4.0,73.2
11,67,5.9,788,86,1.1,88.3
26,70,6.7,176,85,2.7,100
22,57,8.3,1345,48,0.7,100
3,50,5.1,741,90,2.2,84.6
27,73,8.2,1180,35,7.5,100
29,53,5.7,1687,40,1.3,100
12,94,7.3,1743,83,2.5,100
7,58,7.1,325,51,2.9,72.6
29,76,7.4,1448,50,4.4,100
9,86,6.7,,70,2.9,93.3
10,99,5.8,249,80,4.7,81.9
29,,7.5,1585,61,5.7,100
8,50,7.5,1038,84,1.9,92.9
5,,5.4,1289,75,6.2,83.9
6,82,5.0,346,63,7.4,74.4
14,78,8.4,1131,60,6.4,95.9
7,93,5.9,1262,48,1.6,92.5
30,56,7.9,572,37,7.2,90.1
23,,6.5,623,50,7.5,91.4
4,72,6.4,388,85,4.3,76.2
10,73,4.9,1408,83,6.0,94.9
15,62,5.8,904,57,5.0,79.7
15,56,7.6,1403,66,7.7,93.2
9,57,4.7,153,69,2.3,66.9
30,89,7.6,908,85,3.4,100
9,96,8.2,1496,69,4.2,100
22,68,7.7,669,35,1.2,92.5
18,94,7.3,1593,74,6.9,100
23,54,5.2,760,93,1.6,99.7
2,92,6.6,764,37,1.8,73.7
23,98,8.3,1296,80,7.8,100
20,50,6.7,586,95,1.3,100
11,64,6.9,422,53,6.3,67.9
5,69,8.1,767,92,4.2,85.4
23,81,5.6,1019,36,6.7,95.5
11,95,6.0,1140,96,1.3,100
2,59,8.9,531,53,3.2,63.6
2,65,7.1,1505,90,3.2,94.4
14,90,5.0,640,92,7.9,89.6
30,83,5.3,1470,79,7.2,100
10,69,5.4,1266,78,6.8,93.5
5,77,8.1,1240,79,2.7,100
23,59,6.6,387,72,5.2,89.4
23,60,5.9,670,43,6.5,85.2
11,87,5.1,,74,0.5,96.9
13,92,8.3,182,67,1.5,94.4
18,92,8.8,1228,54,7.7,95.5
24,67,5.1,1581,60,3.7,100
3,80,8.7,589,84,3.7,83.5
30,56,8.5,698,74,1.8,100
27,87,5.1,1652,60,2.4,100
15,85,5.4,704,45,2.7,89.2
7,74,8.0,1787,90,1.2,100
18,78,7.6,1111,80,4.0,100
15,79,4.6,1224,38,7.7,85.4
15,55,7.9,1339,73,6.4,92.9
21,84,8.5,680,41,6.2,88.9
14,58,6.3,92,94,6.6,84.7
3,55,4.7,1779,48,3.0,77.6
5,68,,1494,77,7.0,94.9
18,97,7.7,1516,61,4.4,100
19,97,8.9,359,63,7.2,91.7
22,69,7.7,93,97,5.2,94.4
8,57,4.8,393,50,4.4,65.6
2,82,6.5,193,50,2.7,68.1
17,61,8.2,1199,68,6.7,93.0
21,57,6.4,1382,37,1.9,86.9
28,97,7.5,429,60,4.1,100
20,81,6.2,643,85,3.4,100
27,56,,1746,89,1.6,100
14,50,7.1,149,91,0.8,88.1
13,58,6.6,1560,93,2.6,100
29,82,5.4,1526,84,4.3,100
7,91,5.2,1423,78,3.9,98.5
27,98,7.5,886,43,7.4,99.5
22,80,6.2,1046,58,4.8,100
18,66,5.1,743,79,4.9,88.6
28,75,4.8,140,55,2.2,87.5
23,80,6.0,554,65,1.3,93.4
30,61,7.8,866,88,7.4,100
3,97,4.8,1643,82,5.0,98.2
28,51,8.7,737,48,5.7,85.2
20,85,5.4,597,97,3.8,100
11,64,5.4,411,90,6.6,82.6
20,51,7.3,1449,47,2.0,95.2
27,58,8.5,816,87,4.8,100
23,96,8.8,1571,98,1.9,100
8,86,8.2,,80,3.2,100
27,54,6.5,1360,83,7.1,100
20,55,5.1,1139,73,1.3,97.6
19,71,4.6,1762,72,7.4,100
10,74,7.7,219,55,7.8,77.1
29,83,8.7,1104,74,3.5,100
3,84,7.6,307,95,7.5,86.7
3,71,6.4,490,77,7.2,72.4
3,58,5.4,1752,77,7.4,82.5
9,,4.8,1234,39,3.1,74.5
4,76,7.2,1334,45,7.2,77.1
25,52,5.0,1097,63,5.4,96.5
15,80,5.9,546,37,7.5,83.1
8,84,7.2,856,37,4.6,79.5
3,74,7.9,1504,51,3.7,84.4
16,57,8.5,833,80,2.0,98.7
15,53,5.6,268,36,2.2,69.1
27,84,7.1,1722,36,7.0,99.1
9,53,4.8,339,91,1.9,83.5
22,65,9.0,345,85,4.1,99.9
5,92,4.8,592,61,4.2,76.2
29,64,6.5,699,81,6.4,99.7
11,91,5.6,627,75,5.7,85.8
30,76,7.7,1353,97,2.6,100
8,58,8.3,1146,64,2.8,86.1
25,100,,561,91,5.4,100
16,57,4.6,1792,39,2.5,89.8
4,53,5.8,1328,84,4.2,84.5
29,74,6.2,170,63,2.0,98.2
3,92,5.9,1189,79,7.5,92.0
21,98,8.5,1776,68,6.6,100
12,96,8.2,968,89,6.4,98.2
25,98,4.8,303,84,7.6,100
19,79,6.4,1552,68,1.7,100
14,79,7.9,567,51,7.3,80.6
10,55,9.0,1659,72,3.0,100
14,52,7.3,820,69,,87.6
21,50,5.1,1244,76,,88.5
29,61,,115,91,0.6,100
22,85,5.5,199,45,2.6,85.7
21,85,5.9,211,91,1.8,99.4
29,81,5.1,1370,57,1.6,100
21,91,4.7,314,39,1.9,79.4
12,52,7.0,546,42,7.6,69.0
10,66,4.6,803,40,5.0,70.9
16,57,6.8,565,61,2.9,85.8
13,93,6.4,1394,89,7.1,100
27,73,6.0,915,82,4.0,100
11,89,,834,40,2.7,84.1
5,88,5.5,721,79,7.5,86.0
14,87,4.6,1567,54,3.4,99.7
4,64,7.0,1256,88,4.5,90.6
5,83,8.1,1323,95,5.4,96.1
8,86,5.8,579,77,2.3,85.8
26,,5.5,724,49,5.7,81.9
15,73,4.9,1227,44,7.4,88.4
22,80,7.2,999,88,2.2,100
19,65,8.0,914,52,5.0,80.2
27,68,6.0,321,45,3.6,85.4
17,90,8.5,485,58,7.1,89.5
2,60,5.0,619,95,6.1,76.4
15,51,7.6,229,51,4.4,74.8
18,74,8.6,805,51,3.5,86.5
5,71,8.5,769,48,8.0,70.7
3,54,7.8,806,92,7.3,75.6
15,68,7.9,1513,52,6.0,90.8
25,99,7.2,1759,45,1.6,100
23,91,6.5,736,91,1.8,
25,87,5.8,1663,,2.2,100
18,83,7.1,953,71,2.9,100
12,98,5.3,373,40,6.6,73.0
8,77,6.8,1257,75,1.2,83.0
11,60,5.0,640,97,3.8,90.8
10,88,7.9,554,70,1.6,87.9
8,85,8.3,1625,56,0.7,100
19,84,8.1,93,97,6.7,89.3
2,73,5.4,1249,89,6.0,78.4
11,57,7.7,325,91,7.2,81.0
17,66,4.9,360,70,6.0,84.3
4,97,8.1,1569,44,3.0,95.3
18,71,5.7,1371,44,5.8,88.1
15,56,8.7,1706,75,1.9,100
19,92,8.3,1362,39,7.6,96.4
20,74,8.4,530,60,2.5,92.0
6,81,8.2,1582,98,2.6,100
18,96,7.9,86,,1.0,100
19,89,5.4,444,39,,82.9
20,65,,1071,58,7.1,98.6
28,64,8.4,1448,97,4.2,100
19,80,5.8,528,49,7.7,78.1
30,98,7.9,939,92,2.9,100
16,70,7.5,791,85,5.8,94.4
26,80,8.3,1081,87,5.7,100
8,100,6.3,1231,76,2.5,100
12,76,6.3,985,89,3.5,100
25,64,6.0,1756,40,2.8,100
15,64,7.1,421,61,6.3,89.2
21,71,5.1,1185,37,7.6,95.4
2,74,4.9,1523,77,7.3,86.2
22,53,6.8,821,60,7.9,83.2
28,84,6.3,1550,64,2.7,100
,63,7.0,589,36,0.8,83.4
2,98,8.7,289,85,6.4,85.2
2,64,7.3,1489,66,0.8,90.2
25,57,8.2,853,86,1.5,100
4,54,4.8,1558,88,0.7,89.3
25,84,7.2,390,47,6.0,91.6
21,69,8.0,950,37,2.8,90.0
16,62,4.9,1423,95,3.3,100
15,85,5.8,662,66,3.4,91.8
17,96,6.3,843,48,3.9,91.7
26,64,6.5,1056,48,5.3,96.8
12,59,8.1,251,47,,75.0
20,65,4.9,905,95,4.4,100
28,86,7.9,200,98,2.4,100
6,52,5.9,1237,87,7.0,89.3
10,94,5.4,1231,97,4.6,100
12,79,7.7,1133,45,7.4,92.2
15,94,4.8,340,36,1.7,78.4
16,57,4.7,948,98,1.8,96.1
27,83,6.7,1613,88,3.5,100
11,96,8.6,1465,69,4.4,100
21,73,7.0,419,53,2.7,85.8
24,73,6.8,594,95,4.0,98.5
12,97,7.7,357,56,4.4,84.8
15,61,5.2,217,35,2.8,68.2
8,62,7.6,1181,93,3.0,100
7,54,6.1,1225,63,3.1,85.4
2,62,5.7,1760,89,4.9,91.4
14,66,7.0,1393,60,1.1,100
6,56,7.8,653,57,2.5,82.2
20,91,7.9,756,70,7.7,100
25,89,7.5,1049,61,1.8,100
4,89,5.2,417,95,7.1,67.2
12,54,8.5,186,52,4.3,66.4
12,69,6.8,320,65,4.7,81.2
14,99,6.2,1051,80,2.8,98.2
30,88,8.3,420,70,5.8,100
28,77,7.0,1083,67,5.6,100
13,61,4.6,828,94,6.3,87.7
13,96,6.4,1343,59,3.4,100
2,62,6.5,1157,59,0.5,87.5
11,71,4.9,835,67,4.3,87.3
22,67,7.4,895,40,8.0,88.2
24,66,5.7,,38,7.0,90.8
22,79,6.7,1049,48,0.8,93.8
2,89,8.5,393,,7.0,75.2
29,57,4.8,1385,42,2.9,100
29,84,5.7,477,37,3.0,89.1
30,95,5.3,1281,81,4.4,100
23,75,6.4,1447,42,1.0,100
25,67,4.9,988,40,2.6,88.6
8,94,6.8,434,35,2.8,72.4
16,86,8.3,256,94,1.2,99.1
4,61,7.8,460,75,4.9,82.6
27,50,5.5,847,93,1.1,100
25,65,5.9,1474,59,6.1,100
14,95,5.8,651,52,4.7,82.1
15,64,8.3,638,60,1.8,87.1
10,55,6.7,1265,81,3.1,100
22,83,6.5,1372,56,0.8,100
19,86,5.4,1518,90,3.1,100
27,93,,504,78,5.7,99.1
27,67,4.9,1663,61,2.4,100
16,66,4.6,316,58,4.1,73.2
20,74,7.5,149,76,5.8,89.9
22,72,8.4,96,55,3.7,83.7
5,61,8.6,707,55,4.0,81.5
7,98,4.6,1737,93,5.0,100
17,65,5.6,,78,4.1,86.6
14,69,4.7,559,48,3.7,78.5
14,87,4.6,1128,56,7.4,77.2
30,88,8.8,1153,60,7.6,100
23,71,8.0,190,46,2.8,85.7
26,59,8.1,1019,85,1.7,100
30,61,5.9,244,58,2.3,93.4
8,77,4.9,581,54,5.6,75.5
17,60,6.1,1044,85,5.7,93.2
17,92,6.2,1029,66,6.2,99.6
26,58,6.3,749,71,6.6,98.1
25,77,7.2,1173,44,3.1,97.0
2,64,8.5,444,65,3.3,62.5
12,82,8.2,1330,85,7.4,100
8,52,5.5,971,46,3.0,72.4
22,61,6.4,663,74,3.4,96.4
15,61,5.2,1477,48,4.0,89.4
4,72,7.6,287,86,6.5,80.4
20,82,6.2,1011,36,4.1,91.5
23,75,6.4,191,73,3.7,92.2
27,78,6.8,1679,95,5.8,100
29,84,8.9,308,57,7.9,93.4
23,55,5.2,770,68,2.0,93.8
28,89,,1011,90,0.9,100
17,79,6.2,1307,82,2.4,100
12,93,5.8,1757,38,4.6,97.8
2,78,6.0,1382,39,5.0,80.6
13,96,4.7,1592,85,2.4,100
25,59,7.3,962,70,3.1,100
16,94,7.3,1770,93,0.8,100
21,96,7.4,287,83,4.3,100
25,55,6.0,1384,73,3.7,100
10,96,7.4,242,90,7.7,88.7
27,62,7.1,700,66,5.7,100
8,98,8.7,642,58,2.6,90.3
23,52,7.2,451,71,,92.2
15,92,5.1,,94,5.0,97.7
22,70,4.9,540,37,5.8,81.4
25,95,7.2,1023,88,5.3,100
12,84,6.3,1222,36,3.1,84.0
6,79,8.3,1101,61,4.5,95.3
7,93,6.3,905,39,5.5,76.6
17,85,8.9,250,61,6.1,86.6
18,73,5.9,1617,75,3.9,100
20,60,7.3,1236,90,3.6,100
26,51,7.9,661,97,7.9,99.1
14,88,8.8,332,47,3.5,88.0
8,57,7.1,445,55,6.3,82.2
19,76,6.1,525,88,7.3,92.9
10,70,8.0,1370,48,5.5,86.2
22,70,6.8,1170,85,2.2,100
14,81,7.9,666,92,1.7,100
2,84,8.2,1642,94,5.4,98.4
23,56,6.2,1417,88,7.8,100
21,64,5.1,1349,45,5.0,96.9
25,76,8.8,745,66,1.7,100
13,51,7.8,1697,84,4.6,99.0
29,62,8.3,410,93,3.3,100
24,62,6.0,680,43,7.2,
8,86,6.6,581,91,7.9,90.3
18,91,5.0,1317,77,7.0,91.9
7,65,6.6,223,35,6.1,58.7
18,80,8.4,224,88,7.7,88.6
30,95,6.9,1545,38,3.8,100
27,75,8.2,1565,40,3.2,100
24,,7.3,981,89,6.4,100
26,87,7.9,308,56,3.2,100
23,71,5.1,577,96,2.1,100
4,79,8.5,1086,66,6.2,89.4
12,68,7.6,757,92,5.7,88.0
26,58,5.2,670,38,2.2,85.3
13,86,6.1,676,74,7.6,91.3
17,95,6.5,683,54,6.1,95.5
24,58,5.2,678,84,2.4,100
20,69,5.2,104,68,3.2,92.3
18,97,8.4,1138,86,4.1,100
22,59,7.1,1106,75,4.4,95.5
14,81,7.4,1155,96,1.8,100
4,71,5.5,502,63,1.6,73.2
21,99,7.8,324,60,3.2,86.7
2,97,8.3,1683,64,6.1,98.2
13,92,4.6,1362,47,7.6,85.4
19,97,6.9,242,42,3.8,85.0
18,65,5.6,1712,58,5.7,98.1
24,95,6.6,162,69,4.6,92.9
4,97,5.4,1781,43,7.3,89.8
8,64,5.6,1639,96,4.0,100
19,100,4.7,1697,44,2.0,100
8,56,6.9,520,97,2.7,87.5
2,87,6.4,308,91,6.3,80.5
21,98,6.6,81,67,6.2,97.6
21,67,6.7,441,77,4.3,82.3
11,66,8.4,589,78,2.6,88.4
19,82,5.9,981,49,,94.7
12,82,6.6,414,57,1.0,81.9
15,93,5.9,987,78,5.3,
26,56,7.9,516,74,4.3,97.6
12,99,,290,73,7.5,86.6
12,60,5.4,891,56,6.9,84.9
21,92,5.2,1137,95,5.4,100
10,64,8.7,1046,73,3.3,85.5
11,71,7.8,1778,75,3.9,100
15,50,7.9,907,42,7.8,80.6
13,91,8.1,1015,70,0.6,100
24,66,5.8,844,38,2.9,87.5
